{
    "46": [
        -717.31433889545815,
        506.93623123315979,
        662.2867395801668
    ],
    "108": [
        -172.62328014703417,
        472.12644846634771,
        662.2867395801668
    ],
    "16": [
        -601.00016852659928,
        -673.228114172198,
        662.2867395801668
    ],
    "36": [
        -518.72897288864533,
        592.61160890907263,
        662.2867395801668
    ],
    "26": [
        -518.16160921565188,
        -580.17672015954508,
        662.2867395801668
    ],
    "58": [
        22.557903821820219,
        577.29221256259984,
        662.2867395801668
    ],
    "48": [
        -433.62095888572503,
        451.89964625019252,
        662.2867395801668
    ],
    "65": [
        -336.59801916212064,
        714.59999318352152,
        662.2867395801668
    ],
    "45": [
        -767.81201449448054,
        -467.2667318286442,
        662.2867395801668
    ],
    "18": [
        -926.11282819180633,
        -512.09019352207747,
        662.2867395801668
    ],
    "15": [
        -1068.8298909063451,
        -542.10570559592838,
        662.2867395801668
    ],
    "25": [
        -518.72897288864533,
        421.26085355724695,
        662.2867395801668
    ],
    "28": [
        -717.31433889545815,
        335.58547588133365,
        662.2867395801668
    ],
    "38": [
        -1057.9157087624931,
        -345.52385642759714,
        662.2867395801668
    ],
    "40": [
        -774.62037857039786,
        -666.98682518144437,
        662.2867395801668
    ],
    "35": [
        -1074.7681708604196,
        267.49894924386604,
        662.2867395801668
    ],
    "252": [
        151.92201584517898,
        447.92810053924109,
        662.2867395801668
    ],
    "10": [
        -1074.7681708604196,
        311.75562443996455,
        662.2867395801668
    ],
    "30": [
        -633.9087044993471,
        714.59999318352152,
        662.2867395801668
    ],
    "20": [
        -1074.7681708604196,
        740.69987649252266,
        662.2867395801668
    ],
    "57": [
        263.12991315709996,
        379.841573901773,
        662.2867395801668
    ],
    "47": [
        -518.72897288864533,
        506.93623123315979,
        662.2867395801668
    ],
    "17": [
        -594.19151586285261,
        -474.07538449239132,
        662.2867395801668
    ],
    "37": [
        -1168.3869285460655,
        527.36190063657045,
        662.2867395801668
    ],
    "27": [
        -1168.3869285460655,
        700.98268785602818,
        662.2867395801668
    ],
    "42": [
        -1074.7681708604196,
        485.37583448376267,
        662.2867395801668
    ],
    "62": [
        -226.52513778401544,
        714.59999318352152,
        662.2867395801668
    ],
    "97": [
        -624.85950674875812,
        225.44157901244103,
        662.2867395801668
    ],
    "12": [
        -1168.3869285460655,
        267.49894924386604,
        662.2867395801668
    ],
    "32": [
        -930.65173757575121,
        188.58302208412374,
        662.2867395801668
    ],
    "22": [
        -1074.7681708604196,
        527.36190063657045,
        662.2867395801668
    ],
    "59": [
        146.24809052741875,
        332.18129384337522,
        662.2867395801668
    ],
    "49": [
        -1071.6199920623135,
        -591.54452152318686,
        662.2867395801668
    ],
    "19": [
        -1168.3869285460655,
        740.69987649252266,
        662.2867395801668
    ],
    "39": [
        -1168.3869285460655,
        311.75562443996455,
        662.2867395801668
    ],
    "29": [
        -888.09773057429084,
        -655.07161087292957,
        662.2867395801668
    ],
    "41": [
        -530.644475784989,
        714.59999318352152,
        662.2867395801668
    ],
    "5": [
        -347.94558120981219,
        -685.71069215370539,
        662.2867395801668
    ],
    "4": [
        -717.31433889545815,
        421.26085355724695,
        662.2867395801668
    ],
    "7": [
        -1032.2613862892413,
        136.16061275326661,
        662.2867395801668
    ],
    "31": [
        -729.7969168769655,
        714.59999318352152,
        662.2867395801668
    ],
    "21": [
        -717.31433889545815,
        592.61160890907263,
        662.2867395801668
    ],
    "6": [
        -597.59598648864085,
        -573.93543116879141,
        662.2867395801668
    ],
    "0": [
        -998.73826421321883,
        -691.38461747146562,
        662.2867395801668
    ],
    "91": [
        -575.36103181380213,
        227.78719497186262,
        662.2867395801668
    ],
    "2": [
        -521.56607984144011,
        -680.03676683594426,
        662.2867395801668
    ],
    "1": [
        -1067.9595181966724,
        700.98268785602818,
        662.2867395801668
    ],
    "9": [
        -1168.3869285460655,
        485.37583448376267,
        662.2867395801668
    ],
    "8": [
        -514.75742717769344,
        -479.74930981015154,
        662.2867395801668
    ],
    "44": [
        -1045.6284031272853,
        -110.26764765504254,
        662.2867395801668
    ],
    "14": [
        -433.62095888572503,
        623.25040160201866,
        662.2867395801668
    ],
    "34": [
        -1031.8639671522828,
        149.89218496118133,
        662.2867395801668
    ],
    "24": [
        -926.11282819180633,
        -464.429769169765,
        662.2867395801668
    ],
    "43": [
        -771.21619653243943,
        -567.69414217803774,
        662.2867395801668
    ],
    "13": [
        -433.62095888572503,
        537.57502392610581,
        662.2867395801668
    ],
    "33": [
        -344.5413991718533,
        -586.41800915029876,
        662.2867395801668
    ],
    "23": [
        -1055.30331755915,
        -297.24609080612186,
        662.2867395801668
    ]
}